{
  "t": [
    0.053008734249345345,
    -0.029455305773065314,
    0.4500891928534028
  ],
  "R": [
    [
      -0.9557218475833787,
      0.009324920469240917,
      -0.29412377651263616
    ],
    [
      0.28806576391274796,
      0.23382937395541825,
      -0.9286236802585172
    ],
    [
      0.0601154365631487,
      -0.9722329297713894,
      -0.22616203163456078
    ]
  ],
  "width": 0.020793217420578002,
  "score": 24.49934634683844
}